URL,Keyword,Volumen
https://www.sklum-demo.com/sofas,sofas,14800
https://www.sklum-demo.com/sofas-chaise-longue,sofa chaise longue,4400
https://www.sklum-demo.com/sillones,sillones,6600
https://www.sklum-demo.com/mesas-comedor,mesa comedor,9900
https://www.sklum-demo.com/mesas-auxiliares,mesa auxiliar,3600
https://www.sklum-demo.com/sillas-comedor,sillas comedor,8100
https://www.sklum-demo.com/lamparas-techo,lampara techo,5400
https://www.sklum-demo.com/lamparas-mesa,lampara mesa,2200
https://www.sklum-demo.com/espejos-decorativos,espejos decorativos,3300
https://www.sklum-demo.com/cabeceros-cama,cabecero cama,4900
https://www.sklum-demo.com/camas,camas,12100
https://www.sklum-demo.com/alfombras,alfombras,7300
https://www.sklum-demo.com/cortinas,cortinas,2900
